{"strategy": "Sharpe", "weights": {"GSG": 0.25099295610267724, "YGLD": 1.7381875485320477e-10, "BLKC": 0.16889267174309924, "VECA.L": 2.4297068128599207e-09, "GMMF": 0.13736562507316044, "BILL.AX": 0.18744435860384634, "QUVU": 0.07839121294915616, "FTHF": 0.17691317292453504}}